Profile,Name,"Current Organization",Orgs,Contributions
"Go to Hatstall","Jerry Zhang",Unknown,1,"10,339"
"Go to Hatstall","Peter Bell",Unknown,1,"9,929"
"Go to Hatstall","Edward Z. Yang",Unknown,1,"9,890"
"Go to Hatstall","Michael Andreas Dagitses",Unknown,1,"9,231"
"Go to Hatstall","Rohan Varma",Unknown,1,"6,297"
"Go to Hatstall",lezcano,Unknown,1,"5,697"
"Go to Hatstall","Scott Wolchok",Unknown,1,"5,393"
"Go to Hatstall","Brian Hirsh",Unknown,1,"4,917"
"Go to Hatstall","Andrew Gu",Unknown,1,"4,814"
"Go to Hatstall","Richard Zou",Unknown,1,"4,666"
"Go to Hatstall","Sebastian Messmer",Unknown,1,"4,434"
"Go to Hatstall","Michael Suo",Unknown,1,"3,646"
"Go to Hatstall","Mikhail Zolotukhin",Unknown,1,"3,516"
"Go to Hatstall","James Reed",Unknown,1,"3,263"
"Go to Hatstall",mingfeima,Unknown,1,"2,987"
"Go to Hatstall",anjali411,Unknown,1,"2,888"
"Go to Hatstall","Taylor Robie",Unknown,1,"2,875"
"Go to Hatstall",soulitzer,Unknown,1,"2,785"
"Go to Hatstall","Xiang Gao",Unknown,1,"2,687"
"Go to Hatstall",HDCharles,Unknown,1,"2,674"
"Go to Hatstall","Ivan Yashchuk",Unknown,1,"2,640"
"Go to Hatstall","Horace He",Unknown,1,"2,508"
"Go to Hatstall","Nikita Vedeneev",Unknown,1,"2,294"
"Go to Hatstall","Eli Uriegas",Unknown,1,"2,275"
"Go to Hatstall","Shen Li",Unknown,1,"2,273"
"Go to Hatstall","Nikita Shulga",Unknown,1,"2,222"
"Go to Hatstall","Gregory Chanan",Unknown,1,"2,191"
"Go to Hatstall",vasiliy,Unknown,1,"2,185"
"Go to Hatstall","Ivan Kobzarev",Unknown,1,"2,170"
"Go to Hatstall","Pavel Belevich",Unknown,1,"2,143"
"Go to Hatstall","Will Constable",Unknown,1,"2,125"
"Go to Hatstall","Wanchao Liang",Unknown,1,"2,099"
"Go to Hatstall","Will Feng",Unknown,1,"1,993"
"Go to Hatstall","Luca Wehrstedt",Unknown,1,"1,982"
"Go to Hatstall","Supriya Rao",Unknown,1,"1,936"
"Go to Hatstall","ilia-cher",Unknown,1,"1,813"
"Go to Hatstall",Zafar,Unknown,1,"1,779"
"Go to Hatstall","Ashkan Aliabadi",Unknown,1,"1,675"
"Go to Hatstall","Kimish Patel",Unknown,1,"1,649"
"Go to Hatstall",BowenBao,Unknown,1,"1,624"
"Go to Hatstall","David Berard",Unknown,1,"1,591"
"Go to Hatstall","Philip Meier",Unknown,1,"1,559"
"Go to Hatstall",albanD,Unknown,1,"1,555"
"Go to Hatstall","Hong Xu",Unknown,1,"1,486"
"Go to Hatstall","PyTorch MergeBot",Unknown,1,"1,474"
"Go to Hatstall","Vasiliy Kuznetsov",Unknown,1,"1,453"
"Go to Hatstall",zhxchen17,Unknown,1,"1,442"
"Go to Hatstall","Elias Ellison",Unknown,1,"1,437"
"Go to Hatstall","Michael Voznesensky",Unknown,1,"1,425"
"Go to Hatstall","Mikayla Gawarecki",Unknown,1,"1,413"
"Go to Hatstall","Yukio Siraichi",Unknown,1,"1,387"
"Go to Hatstall","Meghan Lele",Unknown,1,"1,373"
"Go to Hatstall","Pearu Peterson",Unknown,1,"1,329"
"Go to Hatstall","Zachary DeVito",Unknown,1,"1,315"
"Go to Hatstall",samdow,Unknown,1,"1,280"
"Go to Hatstall",dzdang,Unknown,1,"1,275"
"Go to Hatstall","John Clow",Unknown,1,"1,225"
"Go to Hatstall","Vitaly Fedyunin",Unknown,1,"1,224"
"Go to Hatstall","Ansley Ussery",Unknown,1,"1,204"
"Go to Hatstall","Justin Chu",Unknown,1,"1,203"
"Go to Hatstall","Edward Z. Yang",Unknown,1,"1,166"
"Go to Hatstall","Tugsbayasgalan Manlaibaatar",Unknown,1,"1,164"
"Go to Hatstall","Jerry Zhang",Unknown,1,"1,160"
"Go to Hatstall",XiaobingSuper,Unknown,1,"1,158"
"Go to Hatstall","Edward Yang",Unknown,1,"1,156"
"Go to Hatstall","Iurii Zdebskyi",Unknown,1,"1,147"
"Go to Hatstall",chenlai,Unknown,1,"1,060"
"Go to Hatstall","Natalia Gimelshein",Unknown,1,"1,047"
"Go to Hatstall","Jason Ansel",Unknown,1,"1,041"
"Go to Hatstall","Bert Maher",Unknown,1,"1,027"
"Go to Hatstall",ljk53,Unknown,1,"1,000"
"Go to Hatstall","Elias Ellison",Unknown,1,995
"Go to Hatstall","Mike Ruberry",Unknown,1,958
"Go to Hatstall",migeedz,Unknown,1,957
"Go to Hatstall","Zafar Takhirov",Unknown,1,953
"Go to Hatstall",eellison,Unknown,1,951
"Go to Hatstall","Lillian Johnson",Unknown,1,947
"Go to Hatstall","Chien-Chin Huang",Unknown,1,933
"Go to Hatstall",asl3,Unknown,1,926
"Go to Hatstall","Adam Paszke",Unknown,1,919
"Go to Hatstall",pritam,Unknown,1,908
"Go to Hatstall","Howard Huang",Unknown,1,899
"Go to Hatstall","David Reiss",Unknown,1,887
"Go to Hatstall","Sherlock Huang",Unknown,1,884
"Go to Hatstall","Bin Bao",Unknown,1,868
"Go to Hatstall","Heitor Schueroff",Unknown,1,863
"Go to Hatstall","Soumith Chintala",Unknown,1,861
"Go to Hatstall","Kevin Tse",Unknown,1,846
"Go to Hatstall","Horace He",Unknown,1,832
"Go to Hatstall","Jane Xu",Unknown,1,822
"Go to Hatstall","Catherine Lee",Unknown,1,797
"Go to Hatstall","George Qi",Unknown,1,783
"Go to Hatstall","Ailing Zhang",Unknown,1,765
"Go to Hatstall","Raghavan Raman",Unknown,1,754
"Go to Hatstall","Nikita Karetnikov",Unknown,1,749
"Go to Hatstall",ssjia,Unknown,1,732
"Go to Hatstall",yanlizhao,Unknown,1,726
"Go to Hatstall","Nikolay Korovaiko",Unknown,1,718
"Go to Hatstall",mikeiovine,Unknown,1,701
"Go to Hatstall",kshitij12345,Unknown,1,694
"Go to Hatstall","Andrew M. James",Unknown,1,665
"Go to Hatstall","Omkar Salpekar",Unknown,1,662
"Go to Hatstall","Sahan Paliskara",Unknown,1,637
"Go to Hatstall","Dhruv Matani",Unknown,1,635
"Go to Hatstall","Chen Lai",Unknown,1,632
"Go to Hatstall","William Wen",Unknown,1,627
"Go to Hatstall",nikithamalgi,Unknown,1,624
"Go to Hatstall",fduwjj,Unknown,1,619
"Go to Hatstall",driazati,Unknown,1,614
"Go to Hatstall","Raghu Krishnamoorthi",Unknown,1,601
"Go to Hatstall","Shihao Xu",Unknown,1,581
"Go to Hatstall",ErjiaGuan,Unknown,1,571
"Go to Hatstall","Huy Do",Unknown,1,571
"Go to Hatstall","Tao Xu",Unknown,1,570
"Go to Hatstall",izdeby,Unknown,1,562
"Go to Hatstall","Hui Guo",Unknown,1,562
"Go to Hatstall",angelayi,Unknown,1,559
"Go to Hatstall","Victor Quach",Unknown,1,549
"Go to Hatstall","Jianyu Huang",Unknown,1,543
"Go to Hatstall","leslie-fang-intel",Unknown,1,537
"Go to Hatstall",davidriazati,Unknown,1,531
"Go to Hatstall","Wang, Eikan",Unknown,1,523
"Go to Hatstall","Richard Zou",Unknown,1,522
"Go to Hatstall",taox,Unknown,1,521
"Go to Hatstall","Gao, Xiang",Unknown,1,512
"Go to Hatstall","Xiao Wang",Unknown,1,510
"Go to Hatstall","Can Balioglu",Unknown,1,508
"Go to Hatstall","Jiewen Tan",Unknown,1,500
"Go to Hatstall",Alexander,Unknown,1,500
"Go to Hatstall","Pieter Noordhuis",Unknown,1,492
"Go to Hatstall","Brian Hirsh",Unknown,1,488
"Go to Hatstall","Zach DeVito",Unknown,1,485
"Go to Hatstall",andrewor14,Unknown,1,481
"Go to Hatstall","Christian Sarofeen",Unknown,1,477
"Go to Hatstall",macandro96,Unknown,1,476
"Go to Hatstall",chenlai,Unknown,1,476
"Go to Hatstall",jjsjann123,Unknown,1,471
"Go to Hatstall","Yangqing Jia",Unknown,1,471
"Go to Hatstall","Elias Ellison",Unknown,1,469
"Go to Hatstall","Igor Fedan",Unknown,1,469
"Go to Hatstall","Fabio Rocha",Unknown,1,468
"Go to Hatstall",chunyuan,Unknown,1,466
"Go to Hatstall","Salil Desai",Unknown,1,465
"Go to Hatstall",AllenTiTaiWang,Unknown,1,444
"Go to Hatstall","Your Name",Unknown,1,442
"Go to Hatstall",goldenxuett,Unknown,1,433
"Go to Hatstall","Christian Puhrsch",Unknown,1,431
"Go to Hatstall",lixinyu,Unknown,1,429
"Go to Hatstall",vspenubarthi,Unknown,1,425
"Go to Hatstall","Bram Wasti",Unknown,1,419
"Go to Hatstall",zaf,Unknown,1,415
"Go to Hatstall","Elias Ellison",Unknown,1,415
"Go to Hatstall","Nikita Shulga",Unknown,1,415
"Go to Hatstall","Jeff Daily",Unknown,1,413
"Go to Hatstall","Lu Fang",Unknown,1,405
"Go to Hatstall","Akshit Khurana",Unknown,1,402
"Go to Hatstall","Alban Desmaison",Unknown,1,399
"Go to Hatstall",wanchaol,Unknown,1,396
"Go to Hatstall","Joel Benjamin Schlosser",Unknown,1,396
"Go to Hatstall","Xu Zhao",Unknown,1,393
"Go to Hatstall","David Dang",Unknown,1,388
"Go to Hatstall",wayi,Unknown,1,382
"Go to Hatstall","Mike Ruberry",Unknown,1,378
"Go to Hatstall",erjia,Unknown,1,372
"Go to Hatstall",bhosmer,Unknown,1,371
"Go to Hatstall","Sergii Dymchenko",Unknown,1,366
"Go to Hatstall","David Chen",Unknown,1,363
"Go to Hatstall","Xia, Weiwen",Unknown,1,360
"Go to Hatstall",wayi,Unknown,1,357
"Go to Hatstall","Sam Gross",Unknown,1,356
"Go to Hatstall",wxie,Unknown,1,356
"Go to Hatstall",chenlai,Unknown,1,351
"Go to Hatstall","Naoya Maruyama",Unknown,1,348
"Go to Hatstall","Sean Ross-Ross",Unknown,1,346
"Go to Hatstall","Maksim Levental",Unknown,1,343
"Go to Hatstall","Animesh Jain",Unknown,1,340
"Go to Hatstall","Martin Yuan",Unknown,1,338
"Go to Hatstall","Vitaly Fedyunin",Unknown,1,331
"Go to Hatstall",nikitaved,Unknown,1,330
"Go to Hatstall","Terry Chen",Unknown,1,328
"Go to Hatstall",Freey0,Unknown,1,325
"Go to Hatstall","Richard Barnes",Unknown,1,319
"Go to Hatstall","Aapo Kyrola",Unknown,1,316
"Go to Hatstall","Sam Estep",Unknown,1,315
"Go to Hatstall","Kurt Mohler",Unknown,1,312
"Go to Hatstall",svcscm,Unknown,1,311
"Go to Hatstall","Nikitha Malgi",Unknown,1,310
"Go to Hatstall","Wu, Chunyuan",Unknown,1,298
"Go to Hatstall","Sam Gross",Unknown,1,298
"Go to Hatstall",peter,Unknown,1,298
"Go to Hatstall","Linbin Yu",Unknown,1,296
"Go to Hatstall","Sameer Deshmukh",Unknown,1,295
"Go to Hatstall","Haixin Liu",Unknown,1,295
"Go to Hatstall","Tongzhou Wang",Unknown,1,293
"Go to Hatstall","Dmytro Dzhulgakov",Unknown,1,293
"Go to Hatstall",onnxbot,Unknown,1,292
"Go to Hatstall","Parth Savla",Unknown,1,284
"Go to Hatstall",royboy,Unknown,1,283
"Go to Hatstall","Yinghai Lu",Unknown,1,282
"Go to Hatstall","Pavithran Ramachandran",Unknown,1,282
"Go to Hatstall","Mike Ruberry",Unknown,1,281
"Go to Hatstall","Jiakai Liu",Unknown,1,279
"Go to Hatstall","David Riazati",Unknown,1,277
"Go to Hatstall",jeremyl,Unknown,1,276
"Go to Hatstall","Jesse Cai",Unknown,1,273
"Go to Hatstall",soumith,Unknown,1,272
"Go to Hatstall",tktrungna,Unknown,1,270
"Go to Hatstall","Brian Vaughan",Unknown,1,266
"Go to Hatstall","Zain Rizvi",Unknown,1,265
"Go to Hatstall","Pritam Damania",Unknown,1,265
"Go to Hatstall","Elton Pinto",Unknown,1,261
"Go to Hatstall","Shen Li",Unknown,1,260
"Go to Hatstall",garrett,Unknown,1,259
"Go to Hatstall","Saketh Are",Unknown,1,258
"Go to Hatstall","Kushashwa Ravi Shrimali",Unknown,1,258
"Go to Hatstall","mikey dagitses",Unknown,1,256
"Go to Hatstall","Edmund Williams Jr",Unknown,1,250
"Go to Hatstall",titaiwang,Unknown,1,247
"Go to Hatstall","Driss Guessous",Unknown,1,246
"Go to Hatstall","Michael Lazos",Unknown,1,242
"Go to Hatstall",zengk95,Unknown,1,240
"Go to Hatstall",atalman,Unknown,1,239
"Go to Hatstall","b-koopman",Unknown,1,239
"Go to Hatstall",gchanan,Unknown,1,237
"Go to Hatstall","Edward Z. Yang",Unknown,1,234
"Go to Hatstall","David Riazati",Unknown,1,231
"Go to Hatstall","Mengwei Liu",Unknown,1,226
"Go to Hatstall","Mike Iovine",Unknown,1,226
"Go to Hatstall",eellison,Unknown,1,225
"Go to Hatstall","Jongsoo Park",Unknown,1,224
"Go to Hatstall","Nikita Shulga (Meta Employee)",Unknown,1,224
"Go to Hatstall","Larry Liu",Unknown,1,223
"Go to Hatstall","Sahan Paliskara",Unknown,1,222
"Go to Hatstall","Your Name",Unknown,1,222
"Go to Hatstall","Wanchao Liang",Unknown,1,221
"Go to Hatstall","Basil Hosmer",Unknown,1,218
"Go to Hatstall","Edward Z. Yang (Meta Employee)",Unknown,1,215
"Go to Hatstall","Ilia Cherniavskii",Unknown,1,211
"Go to Hatstall","Syed Tousif Ahmed",Unknown,1,210
"Go to Hatstall","Alexander Golynski",Unknown,1,210
"Go to Hatstall","Khushi Agrawal",Unknown,1,209
"Go to Hatstall","Eddie Yan",Unknown,1,208
"Go to Hatstall","Andrew Or",Unknown,1,206
"Go to Hatstall","Ryan Spring",Unknown,1,206
"Go to Hatstall",pritam,Unknown,1,206
"Go to Hatstall","Peter Goldsborough",Unknown,1,204
"Go to Hatstall","Ilqar Ramazanli",Unknown,1,204
"Go to Hatstall","Shunting Zhang",Unknown,1,203
"Go to Hatstall","Martin Yuan",Unknown,1,202
"Go to Hatstall","Andrey Talman",Unknown,1,198
"Go to Hatstall","Kshiteej K",Unknown,1,197
"Go to Hatstall","Hao Lu",Unknown,1,196
"Go to Hatstall",ahe,Unknown,1,194
"Go to Hatstall",myuan,Unknown,1,194
"Go to Hatstall",vfdev,Unknown,1,194
"Go to Hatstall","Kevin Stephano",Unknown,1,193
"Go to Hatstall","Priya Ramani",Unknown,1,192
"Go to Hatstall","zhang, xiaobing",Unknown,1,189
"Go to Hatstall","Aleksandar Samardžić",Unknown,1,188
"Go to Hatstall","Bo Wang",Unknown,1,188
"Go to Hatstall","Karen Zhou",Unknown,1,187
"Go to Hatstall","Yi Wang",Unknown,1,185
"Go to Hatstall","Wei Wang",Unknown,1,183
"Go to Hatstall","Yanbo Liang",Unknown,1,182
"Go to Hatstall","Facebook Community Bot",Unknown,1,180
"Go to Hatstall","Mingzhe Li",Unknown,1,180
"Go to Hatstall","Joel Schlosser",Unknown,1,180
"Go to Hatstall","Yanli Zhao",Unknown,1,178
"Go to Hatstall","min-jean-cho",Unknown,1,175
"Go to Hatstall","Ann Shan",Unknown,1,174
"Go to Hatstall","Junjie Bai",Unknown,1,172
"Go to Hatstall",jjsjann123,Unknown,1,168
"Go to Hatstall","Yanan Cao",Unknown,1,166
"Go to Hatstall","Martin Yuan",Unknown,1,165
"Go to Hatstall",jakeszwe,Unknown,1,165
"Go to Hatstall","Digant Desai",Unknown,1,164
"Go to Hatstall",ecao,Unknown,1,163
"Go to Hatstall","Tugsbayasgalan (Tugsuu) Manlaibaatar",Unknown,1,160
"Go to Hatstall","Xilun Wu",Unknown,1,159
"Go to Hatstall","Angela Yi",Unknown,1,157
"Go to Hatstall","Trevor Killeen",Unknown,1,156
"Go to Hatstall","Samantha Andow",Unknown,1,154
"Go to Hatstall","Aaron Gokaslan",Unknown,1,152
"Go to Hatstall","Sinan Nasir",Unknown,1,150
"Go to Hatstall","Zachary DeVito",Unknown,1,149
"Go to Hatstall","Zachary DeVito",Unknown,1,148
"Go to Hatstall","Michael Suo (Meta Employee)",Unknown,1,147
"Go to Hatstall","Erjia Guan",Unknown,1,145
"Go to Hatstall","Michael Carilli",Unknown,1,145
"Go to Hatstall","Charlie Yan",Unknown,1,144
"Go to Hatstall","Rong Rong",Unknown,1,142
"Go to Hatstall",marjanf,Unknown,1,141
"Go to Hatstall","Wanchao Liang",Unknown,1,140
"Go to Hatstall","Maksim Levental",Unknown,1,140
"Go to Hatstall",cyy,Unknown,1,140
"Go to Hatstall","Ronan Collobert",Unknown,1,140
"Go to Hatstall",dskhudia,Unknown,1,139
"Go to Hatstall",maxren,Unknown,1,139
"Go to Hatstall","Li-Huai (Allan) Lin",Unknown,1,139
"Go to Hatstall","Jessica Lin",Unknown,1,137
"Go to Hatstall","Masaki Kozuki",Unknown,1,135
"Go to Hatstall","Orion Reblitz-Richardson",Unknown,1,134
"Go to Hatstall","Nikita Shulga",Unknown,1,131
"Go to Hatstall","Joel Schlosser",Unknown,1,131
"Go to Hatstall","Thomas Viehmann",Unknown,1,130
"Go to Hatstall","Soumith Chintala",Unknown,1,129
"Go to Hatstall",zaf,Unknown,1,127
"Go to Hatstall","Ramin Azarmehr",Unknown,1,127
"Go to Hatstall",Maksim,Unknown,1,126
"Go to Hatstall",drisspg,Unknown,1,125
"Go to Hatstall",jiej,Unknown,1,125
"Go to Hatstall","Alex Suhan",Unknown,1,123
"Go to Hatstall","Allen Goodman",Unknown,1,123
"Go to Hatstall","Xiaomeng Yang",Unknown,1,122
"Go to Hatstall",neginraoof,Unknown,1,121
"Go to Hatstall","Jiong Gong",Unknown,1,121
"Go to Hatstall","Yangqing Jia",Unknown,1,120
"Go to Hatstall","Peter Goldsborough",Unknown,1,120
"Go to Hatstall","Pieter Noordhuis",Unknown,1,118
"Go to Hatstall","Rong Rong (AI Infra)",Unknown,1,117
"Go to Hatstall","Roy Li",Unknown,1,116
"Go to Hatstall","Kulin Seth",Unknown,1,115
"Go to Hatstall","Alvaro Gaona",Unknown,1,115
"Go to Hatstall","Svetlana Karslioglu",Unknown,1,115
"Go to Hatstall","Sicheng Jia",Unknown,1,114
"Go to Hatstall","Wei-Sheng Chin",Unknown,1,114
"Go to Hatstall","Jiewen Tan",Unknown,1,114
"Go to Hatstall","Mario Lezcano",Unknown,1,113
"Go to Hatstall",pavithran,Unknown,1,112
"Go to Hatstall",qqaatw,Unknown,1,111
"Go to Hatstall","Hanton Yang",Unknown,1,111
"Go to Hatstall",peterjc123,Unknown,1,110
"Go to Hatstall","Vasiliy Kuznetsov",Unknown,1,105
"Go to Hatstall","Stephen Jia",Unknown,1,105
"Go to Hatstall","Vincent Quenneville-Belair",Unknown,1,105
"Go to Hatstall","mikey dagitses",Unknown,1,103
"Go to Hatstall","Tongzhou Wang",Unknown,1,103
"Go to Hatstall","Jeffrey Wan",Unknown,1,102
"Go to Hatstall",bddppq,Unknown,1,102
"Go to Hatstall","S. Song",Unknown,1,101
"Go to Hatstall","Mark Saroufim",Unknown,1,101
"Go to Hatstall",Iris,Unknown,1,101
"Go to Hatstall","jon-chuang",Unknown,1,101
"Go to Hatstall","Mike Ruberry",Unknown,1,101
"Go to Hatstall","Luke Yeager",Unknown,1,100
"Go to Hatstall","CodemodService FBSourceClangFormatLinterBot",Unknown,1,98
"Go to Hatstall","Shiyan Deng",Unknown,1,98
"Go to Hatstall","Adam Simpkins",Unknown,1,97
"Go to Hatstall",vishwakftw,Unknown,1,97
"Go to Hatstall",zinob,Unknown,1,97
"Go to Hatstall",taivu,Unknown,1,97
"Go to Hatstall","Xiaomeng Yang",Unknown,1,95
"Go to Hatstall","Denis Vieriu",Unknown,1,95
"Go to Hatstall","Michael Carilli",Unknown,1,94
"Go to Hatstall","Jesse Hellemn",Unknown,1,94
"Go to Hatstall",zhouzhuojie,Unknown,1,94
"Go to Hatstall","Thiago Crepaldi",Unknown,1,93
"Go to Hatstall","Fritz Obermeyer",Unknown,1,92
"Go to Hatstall","Will Feng",Unknown,1,91
"Go to Hatstall",SsnL,Unknown,1,90
"Go to Hatstall",eqy,Unknown,1,90
"Go to Hatstall",pritam,Unknown,1,90
"Go to Hatstall","Dave Bort",Unknown,1,89
"Go to Hatstall","Johannes M Dieterich",Unknown,1,89
"Go to Hatstall","Alexander Sidorov",Unknown,1,89
"Go to Hatstall","Xiaoqiang Zheng",Unknown,1,89
"Go to Hatstall","Junjie Bai",Unknown,1,88
"Go to Hatstall","Gary Miguel",Unknown,1,88
"Go to Hatstall","Simon Layton",Unknown,1,87
"Go to Hatstall","Wenlei Xie",Unknown,1,86
"Go to Hatstall","Can Balioglu",Unknown,1,84
"Go to Hatstall","Han Qi",Unknown,1,83
"Go to Hatstall","Hector Yuen",Unknown,1,83
"Go to Hatstall","Don Jang",Unknown,1,82
"Go to Hatstall","Shihao Xu",Unknown,1,82
"Go to Hatstall","Jane Xu (Meta Employee)",Unknown,1,82
"Go to Hatstall","Horace He (Meta Employee)",Unknown,1,82
"Go to Hatstall","Bowen Bao",Unknown,1,82
"Go to Hatstall",Jie,Unknown,1,82
"Go to Hatstall","Mateusz Sypniewski",Unknown,1,82
"Go to Hatstall","Jithun Nair",Unknown,1,81
"Go to Hatstall","Shangdi Yu",Unknown,1,81
"Go to Hatstall",jeremyl,Unknown,1,81
"Go to Hatstall","haozhe.zhu",Unknown,1,80
"Go to Hatstall","Jagadish Krishnamoorthy",Unknown,1,80
"Go to Hatstall",blzheng,Unknown,1,79
"Go to Hatstall",suo,Unknown,1,79
"Go to Hatstall",voznesenskym,Unknown,1,77
"Go to Hatstall",mingzhe0908,Unknown,1,77
"Go to Hatstall","Sergii Dymchenko (Meta Employee)",Unknown,1,77
"Go to Hatstall","Xuehai Pan",Unknown,1,76
"Go to Hatstall","Kittipat Virochsiri",Unknown,1,76
"Go to Hatstall","vfdev-5",Unknown,1,76
"Go to Hatstall",ngimel,Unknown,1,75
"Go to Hatstall","Shen Li",Unknown,1,75
"Go to Hatstall","Nick Gibson",Unknown,1,75
"Go to Hatstall","chronos_secgrp_pytorch_oss_ci_oncall",Unknown,1,75
"Go to Hatstall",durumu,Unknown,1,75
"Go to Hatstall","Andrew Tulloch",Unknown,1,75
"Go to Hatstall",salilsdesai,Unknown,1,75
"Go to Hatstall","Chris Gottbrath",Unknown,1,73
"Go to Hatstall","Peng Wu",Unknown,1,73
"Go to Hatstall","Richard Zou (Meta Employee)",Unknown,1,72
"Go to Hatstall","Raghuraman Krishnamoorthi",Unknown,1,72
"Go to Hatstall","Clement Farabet",Unknown,1,72
"Go to Hatstall","Xingying Cheng",Unknown,1,71
"Go to Hatstall","Yiming Wu",Unknown,1,71
"Go to Hatstall","Angela Yi",Unknown,1,71
"Go to Hatstall","Owen Anderson",Unknown,1,71
"Go to Hatstall",chenlai,Unknown,1,70
"Go to Hatstall","Aliaksandr Ivanou",Unknown,1,70
"Go to Hatstall","Victor Steven Bittorf",Unknown,1,70
"Go to Hatstall",peterjc123,Unknown,1,70
"Go to Hatstall","Lu Fang",Unknown,1,70
"Go to Hatstall","Nicolas Hug",Unknown,1,70
"Go to Hatstall","Teng Li",Unknown,1,70
"Go to Hatstall","Ruslan Semenov",Unknown,1,69
"Go to Hatstall","Koray Kavukcuoglu",Unknown,1,69
"Go to Hatstall","Justin Chu",Unknown,1,69
"Go to Hatstall","Zhengxu Chen",Unknown,1,69
"Go to Hatstall","Brian Hirsh (Meta Employee)",Unknown,1,69
"Go to Hatstall","Iurii Zdebskyi",Unknown,1,68
"Go to Hatstall","Sherlockk Huang",Unknown,1,68
"Go to Hatstall","Rodrigo Kumpera",Unknown,1,68
"Go to Hatstall","Jeremy Lilley",Unknown,1,68
"Go to Hatstall","Yi Zhang",Unknown,1,67
"Go to Hatstall","Ahmed Taei",Unknown,1,67
"Go to Hatstall","Kulin Seth",Unknown,1,67
"Go to Hatstall","yanbing-j",Unknown,1,67
"Go to Hatstall","Andrey Malevich",Unknown,1,67
"Go to Hatstall","Eli Uriegas (Meta Employee)",Unknown,1,67
"Go to Hatstall","Marat Dukhan",Unknown,1,66
"Go to Hatstall","Sicheng Stephen Jia",Unknown,1,66
"Go to Hatstall","Thomas J. Fan",Unknown,1,65
"Go to Hatstall","Aidyn-A",Unknown,1,65
"Go to Hatstall",jsc,Unknown,1,65
"Go to Hatstall","Vishwak Srinivasan",Unknown,1,64
"Go to Hatstall",mfkasim1,Unknown,1,64
"Go to Hatstall","Paul Jesse Hellemn",Unknown,1,64
"Go to Hatstall","Jacob Szwejbka",Unknown,1,64
"Go to Hatstall","Zafar Takhirov",Unknown,1,63
"Go to Hatstall","Negin Raoof",Unknown,1,63
"Go to Hatstall","Ivan Yashchuk",Unknown,1,63
"Go to Hatstall","Andrew Gu (Meta Employee)",Unknown,1,63
"Go to Hatstall","Sergei Nikolaev",Unknown,1,62
"Go to Hatstall","Antonio Cuni",Unknown,1,62
"Go to Hatstall","Shirong Wu",Unknown,1,61
"Go to Hatstall","Jordan Fix",Unknown,1,61
"Go to Hatstall",albanD,Unknown,1,61
"Go to Hatstall","Catherine Lee (Meta Employee)",Unknown,1,61
"Go to Hatstall","Ansha Yu",Unknown,1,61
"Go to Hatstall","Ke Wen",Unknown,1,61
"Go to Hatstall","Fei Sun",Unknown,1,60
"Go to Hatstall","Sam Andow",Unknown,1,60
"Go to Hatstall","Alexander Grund",Unknown,1,60
"Go to Hatstall",mehdim,Unknown,1,59
"Go to Hatstall",andysamfb,Unknown,1,59
"Go to Hatstall","Janusz Marcinkiewicz",Unknown,1,59
"Go to Hatstall",Khushi,Unknown,1,59
"Go to Hatstall","Kim Juhyeong",Unknown,1,58
"Go to Hatstall","Hameer Abbasi",Unknown,1,58
"Go to Hatstall","Pruthvi Madugundu",Unknown,1,58
"Go to Hatstall","Rohan Varma (Meta Employee)",Unknown,1,57
"Go to Hatstall","David Berard (Meta Employee)",Unknown,1,57
"Go to Hatstall","Andreas Köpf",Unknown,1,57
"Go to Hatstall","Alisson Gusatti Azzolini",Unknown,1,57
"Go to Hatstall","Olga Andreeva",Unknown,1,56
"Go to Hatstall","Liao, Xuan",Unknown,1,56
"Go to Hatstall","Nirav Mehta",Unknown,1,56
"Go to Hatstall","Luca Antiga",Unknown,1,56
"Go to Hatstall",rzou,Unknown,1,55
"Go to Hatstall",dagitses,Unknown,1,55
"Go to Hatstall","Wonjoo Lee",Unknown,1,55
"Go to Hatstall","Emilio Castillo",Unknown,1,55
"Go to Hatstall","Avik Chaudhuri",Unknown,1,55
"Go to Hatstall","Francisco Massa",Unknown,1,54
"Go to Hatstall",jacobszwejbka,Unknown,1,53
"Go to Hatstall","Anupam Bhatnagar",Unknown,1,53
"Go to Hatstall","Nick Korovaiko",Unknown,1,53
"Go to Hatstall",mattip,Unknown,1,53
"Go to Hatstall","Xianjie Chen",Unknown,1,53
"Go to Hatstall",zou3519,Unknown,1,53
"Go to Hatstall",driazati,Unknown,1,53
"Go to Hatstall","Jane Xu",Unknown,1,52
"Go to Hatstall","Xiaodong Wang",Unknown,1,52
"Go to Hatstall","Dominik Grewe",Unknown,1,52
"Go to Hatstall",swang392,Unknown,1,51
"Go to Hatstall","iurii zdebskyi",Unknown,1,51
"Go to Hatstall","Charles David Hernandez",Unknown,1,50
"Go to Hatstall","Nikita Karetnikov",Unknown,1,50
"Go to Hatstall","Charlie Yan",Unknown,1,50
"Go to Hatstall","Tristan Rice",Unknown,1,50
"Go to Hatstall","Jiewen Tan",Unknown,1,50
"Go to Hatstall","Sylvain Jeaugey",Unknown,1,50
"Go to Hatstall","soulitzer (Meta Employee)",Unknown,1,49
"Go to Hatstall","Taylor Robie (Meta Employee)",Unknown,1,49
"Go to Hatstall",Jokeren,Unknown,1,49
"Go to Hatstall",anderspapitto,Unknown,1,49
"Go to Hatstall",hyc,Unknown,1,48
"Go to Hatstall","Trevor Killeen",Unknown,1,48
"Go to Hatstall","Your Name",Unknown,1,48
"Go to Hatstall",marksaroufim,Unknown,1,47
"Go to Hatstall",sanchitintel,Unknown,1,46
"Go to Hatstall","Michael Dagitses",Unknown,1,45
"Go to Hatstall","Sangbaek Park",Unknown,1,45
"Go to Hatstall","Duc Ngo",Unknown,1,45
"Go to Hatstall","Viswanath Sivakumar",Unknown,1,45
"Go to Hatstall","Lingyi Liu",Unknown,1,44
"Go to Hatstall","Summer Deng",Unknown,1,44
"Go to Hatstall","vspenubarthi (Meta Employee)",Unknown,1,44
"Go to Hatstall","Alex Hagiopol",Unknown,1,44
"Go to Hatstall",choward232,Unknown,1,44
"Go to Hatstall",johnshen,Unknown,1,44
"Go to Hatstall",xcheng16,Unknown,1,44
"Go to Hatstall","Alykhan Tejani",Unknown,1,43
"Go to Hatstall","Eli Uriegas",Unknown,1,43
"Go to Hatstall","Nikolay Korovaiko (Meta Employee)",Unknown,1,43
"Go to Hatstall","Ralf Gommers",Unknown,1,43
"Go to Hatstall","Chunli Fu",Unknown,1,43
"Go to Hatstall","Richard Zou",Unknown,1,43
"Go to Hatstall","Mark Saroufim",Unknown,1,43
"Go to Hatstall","Daya Khudia",Unknown,1,43
"Go to Hatstall","Karl Ostmo",Unknown,1,43
"Go to Hatstall","Anjali Chourdia",Unknown,1,42
"Go to Hatstall","li-roy",Unknown,1,42
"Go to Hatstall","Manuel Candales",Unknown,1,42
"Go to Hatstall","Antonio Kim",Unknown,1,42
"Go to Hatstall","Natalia Gimelshein",Unknown,1,42
"Go to Hatstall","Eric Han",Unknown,1,42
"Go to Hatstall",azzolini,Unknown,1,42
"Go to Hatstall",cpuhrsch,Unknown,1,42
"Go to Hatstall","Ansley Adelaide Ussery",Unknown,1,42
"Go to Hatstall","Jiyan Yang",Unknown,1,42
"Go to Hatstall","Vincent Moens",Unknown,1,41
"Go to Hatstall","Anders Papitto",Unknown,1,41
"Go to Hatstall","James Cross",Unknown,1,41
"Go to Hatstall","migeedz (Meta Employee)",Unknown,1,41
"Go to Hatstall","chronos_secgrp_pytorch_oss_ci_oncall",Unknown,1,41
"Go to Hatstall","Denis Vieriu",Unknown,1,41
"Go to Hatstall",larryliu,Unknown,1,40
"Go to Hatstall","samdow (Meta Employee)",Unknown,1,40
"Go to Hatstall","Kazuaki Ishizaki",Unknown,1,40
"Go to Hatstall","HC Zhu",Unknown,1,40
"Go to Hatstall","Yuchen Huang",Unknown,1,40
"Go to Hatstall",zaf,Unknown,1,40
"Go to Hatstall","Zain Rizvi",Unknown,1,40
"Go to Hatstall","Shubhorup Biswas",Unknown,1,40
"Go to Hatstall","Rui Zhu",Unknown,1,40
"Go to Hatstall","Gu, Jinghui",Unknown,1,39
"Go to Hatstall","Henry Cheng",Unknown,1,39
"Go to Hatstall",annieguan,Unknown,1,39
"Go to Hatstall","Michael Melesse",Unknown,1,38
"Go to Hatstall",haichuan,Unknown,1,38
"Go to Hatstall",bwen,Unknown,1,38
"Go to Hatstall",root,Unknown,1,38
"Go to Hatstall","John Clow (Meta Employee)",Unknown,1,38
"Go to Hatstall","Andrew Dye",Unknown,1,38
"Go to Hatstall",SsnL,Unknown,1,38
"Go to Hatstall","Benjamin Lefaudeux",Unknown,1,37
"Go to Hatstall","chronos_secgrp_pytorch_oss_ci_oncall",Unknown,1,37
"Go to Hatstall",razy,Unknown,1,37
"Go to Hatstall","Adam Lerer",Unknown,1,37
"Go to Hatstall","chronos_secgrp_pytorch_oss_ci_oncall",Unknown,1,37
"Go to Hatstall","Elias Ellison (Meta Employee)",Unknown,1,37
"Go to Hatstall","Yeounoh Chung",Unknown,1,37
"Go to Hatstall","chronos_secgrp_pytorch_oss_ci_oncall",Unknown,1,37
"Go to Hatstall","Natalia Gimelshein (Meta Employee)",Unknown,1,37
"Go to Hatstall","chronos_secgrp_pytorch_oss_ci_oncall",Unknown,1,37
"Go to Hatstall","Sergey Zagoruyko",Unknown,1,37
"Go to Hatstall","Feisi Fu",Unknown,1,37
"Go to Hatstall","Spandan Tiwari",Unknown,1,36
"Go to Hatstall","Zain Rizvi",Unknown,1,36
"Go to Hatstall","Brennan Vincent",Unknown,1,36
"Go to Hatstall",jionggu,Unknown,1,36
"Go to Hatstall","Hansong Zhang",Unknown,1,36
"Go to Hatstall","Wei Yang",Unknown,1,36
"Go to Hatstall","Gerard Goossen",Unknown,1,36
"Go to Hatstall","Arindam Roy",Unknown,1,35
"Go to Hatstall","chronos_secgrp_pytorch_oss_ci_oncall",Unknown,1,35
"Go to Hatstall","chronos_secgrp_pytorch_oss_ci_oncall",Unknown,1,35
"Go to Hatstall","chronos_secgrp_pytorch_oss_ci_oncall",Unknown,1,35
"Go to Hatstall","Hariom Narang",Unknown,1,35
"Go to Hatstall",mal,Unknown,1,35
"Go to Hatstall","Thomas Viehmann",Unknown,1,35
"Go to Hatstall","chronos_secgrp_pytorch_oss_ci_oncall",Unknown,1,35
"Go to Hatstall","Tzu-Wei Huang",Unknown,1,34
"Go to Hatstall","Brian Hirsh",Unknown,1,34
"Go to Hatstall",wayi1,Unknown,1,34
"Go to Hatstall","David Dang",Unknown,1,34
"Go to Hatstall",joncrall,Unknown,1,34
"Go to Hatstall","John Detloff",Unknown,1,34
"Go to Hatstall",Alex,Unknown,1,34
"Go to Hatstall",soumith,Unknown,1,33
"Go to Hatstall",nikithamalgifb,Unknown,1,33
"Go to Hatstall","Manuel Candales",Unknown,1,33
"Go to Hatstall","Lukasz Wesolowski",Unknown,1,33
"Go to Hatstall","goldenxuett (Meta Employee)",Unknown,1,33
"Go to Hatstall",bwasti,Unknown,1,33
"Go to Hatstall","Syed Tousif Ahmed",Unknown,1,33
"Go to Hatstall",hyc,Unknown,1,33
"Go to Hatstall","chronos_secgrp_pytorch_oss_ci_oncall",Unknown,1,32
"Go to Hatstall","Huy Do (Meta Employee)",Unknown,1,32
"Go to Hatstall","zengk95 (Meta Employee)",Unknown,1,32
"Go to Hatstall","xiaobing.zhang",Unknown,1,32
"Go to Hatstall","Jon Janzen",Unknown,1,32
"Go to Hatstall","Venkata Chintapalli",Unknown,1,32
"Go to Hatstall","anjali411 (Meta Employee)",Unknown,1,32
"Go to Hatstall","Leonard Mosescu",Unknown,1,32
"Go to Hatstall","Elton Leander Pinto",Unknown,1,31
"Go to Hatstall","albanD (Meta Employee)",Unknown,1,31
"Go to Hatstall",zrphercule,Unknown,1,31
"Go to Hatstall","nicholas-leonard",Unknown,1,31
"Go to Hatstall","chronos_secgrp_pytorch_oss_ci_oncall",Unknown,1,31
"Go to Hatstall",Ailing,Unknown,1,31
"Go to Hatstall","Mark Saroufim",Unknown,1,31
"Go to Hatstall","Yu Guo",Unknown,1,31
"Go to Hatstall","Thomas Viehmann",Unknown,1,31
"Go to Hatstall","Nicolas Hug",Unknown,1,31
"Go to Hatstall","Akshay Parashar",Unknown,1,30
"Go to Hatstall","Scott Wolchok (Meta Employee)",Unknown,1,30
"Go to Hatstall","Louis Feng",Unknown,1,30
"Go to Hatstall",Lara,Unknown,1,30
"Go to Hatstall","chronos_secgrp_pytorch_oss_ci_oncall",Unknown,1,30
"Go to Hatstall",annieguan,Unknown,1,30
"Go to Hatstall",vishwakftw,Unknown,1,30
"Go to Hatstall","Guilherme Leobas",Unknown,1,30
"Go to Hatstall","Shubham Bhokare",Unknown,1,30
"Go to Hatstall","Shawn Zhong",Unknown,1,29
"Go to Hatstall","Sean Ngo",Unknown,1,29
"Go to Hatstall","Saketh Are",Unknown,1,29
"Go to Hatstall",Satendra,Unknown,1,29
"Go to Hatstall","Xiaolong Wang",Unknown,1,29
"Go to Hatstall","chronos_secgrp_pytorch_oss_ci_oncall",Unknown,1,29
"Go to Hatstall","Leon Gao",Unknown,1,29
"Go to Hatstall","Ksenija Stanojevic",Unknown,1,29
"Go to Hatstall","chronos_secgrp_pytorch_oss_ci_oncall",Unknown,1,29
"Go to Hatstall","Abhishek Pathak",Unknown,1,29
"Go to Hatstall","Hongyi Jia",Unknown,1,29
"Go to Hatstall","chronos_secgrp_pytorch_oss_ci_oncall",Unknown,1,28
"Go to Hatstall",jambayk,Unknown,1,28
"Go to Hatstall","chronos_secgrp_pytorch_oss_ci_oncall",Unknown,1,28
"Go to Hatstall","Rishi Puri",Unknown,1,28
"Go to Hatstall","Tugrul Ince",Unknown,1,28
"Go to Hatstall","Xiong Wei",Unknown,1,28
"Go to Hatstall",xcheng16,Unknown,1,28
"Go to Hatstall","Michael Ranieri",Unknown,1,28
"Go to Hatstall","chronos_secgrp_pytorch_oss_ci_oncall",Unknown,1,28
"Go to Hatstall",rohithkrn,Unknown,1,28
"Go to Hatstall","chronos_secgrp_pytorch_oss_ci_oncall",Unknown,1,28
"Go to Hatstall","Max Podkorytov",Unknown,1,28
"Go to Hatstall","Bram Wasti",Unknown,1,28
"Go to Hatstall","chronos_secgrp_pytorch_oss_ci_oncall",Unknown,1,28
"Go to Hatstall","Huazhong Ning",Unknown,1,28
"Go to Hatstall","Alban Desmaison (Meta Employee)",Unknown,1,28
"Go to Hatstall","chronos_secgrp_pytorch_oss_ci_oncall",Unknown,1,28
"Go to Hatstall","chronos_secgrp_pytorch_oss_ci_oncall",Unknown,1,28
"Go to Hatstall","Sebastian Meßmer",Unknown,1,28
"Go to Hatstall","chronos_secgrp_pytorch_oss_ci_oncall",Unknown,1,28
"Go to Hatstall","Yangqing Jia",Unknown,1,27
"Go to Hatstall","chronos_secgrp_pytorch_oss_ci_oncall",Unknown,1,27
"Go to Hatstall","Yinglin Sun",Unknown,1,27
"Go to Hatstall","Guanheng Zhang",Unknown,1,27
"Go to Hatstall","Linbin Yu (Meta Employee)",Unknown,1,27
"Go to Hatstall","Kyle Chen",Unknown,1,27
"Go to Hatstall","Laurence Rouesnel",Unknown,1,27
"Go to Hatstall","Marat Dukhan",Unknown,1,27
"Go to Hatstall","chronos_secgrp_pytorch_oss_ci_oncall",Unknown,1,27
"Go to Hatstall",SciPioneer,Unknown,1,27
"Go to Hatstall","Jiayi Sun",Unknown,1,27
"Go to Hatstall",wayi,Unknown,1,26
"Go to Hatstall",pritam,Unknown,1,26
"Go to Hatstall","Christian Puhrsch (Meta Employee)",Unknown,1,26
"Go to Hatstall","Steve Sylvain",Unknown,1,26
"Go to Hatstall","chronos_secgrp_pytorch_oss_ci_oncall",Unknown,1,26
"Go to Hatstall","Eli Uriegas",Unknown,1,26
"Go to Hatstall","Mikayla Gawarecki (Meta Employee)",Unknown,1,26
"Go to Hatstall","chronos_secgrp_pytorch_oss_ci_oncall",Unknown,1,26
"Go to Hatstall","Brian Johnson",Unknown,1,26
"Go to Hatstall","Winston Smith",Unknown,1,26
"Go to Hatstall","Kiarash Jamali",Unknown,1,26
"Go to Hatstall","chronos_secgrp_pytorch_oss_ci_oncall",Unknown,1,26
"Go to Hatstall",clee2000,Unknown,1,26
"Go to Hatstall","Eli Uriegas",Unknown,1,26
"Go to Hatstall","Alex Beloi",Unknown,1,26
"Go to Hatstall","Ben Zhang",Unknown,1,26
"Go to Hatstall","Karl Ostmo",Unknown,1,25
"Go to Hatstall","Sherlock Huang (Meta Employee)",Unknown,1,25
"Go to Hatstall","Andreas Fidjeland",Unknown,1,25
"Go to Hatstall",jpvillam,Unknown,1,25
"Go to Hatstall","Build Service",Unknown,1,25
"Go to Hatstall",milesial,Unknown,1,25
"Go to Hatstall","chronos_secgrp_pytorch_oss_ci_oncall",Unknown,1,25
"Go to Hatstall","Ben Koopman",Unknown,1,25
"Go to Hatstall","Stefan Krah",Unknown,1,25
"Go to Hatstall",shubhambhokare1,Unknown,1,25
"Go to Hatstall","asl3 (Meta Employee)",Unknown,1,25
"Go to Hatstall","Michael Voznesensky",Unknown,1,25
"Go to Hatstall","Zino Benaissa",Unknown,1,25
"Go to Hatstall","chronos_secgrp_pytorch_oss_ci_oncall",Unknown,1,25
"Go to Hatstall","Junjie Wang (PyTorch)",Unknown,1,25
"Go to Hatstall","Wei Wei",Unknown,1,25
"Go to Hatstall","Zachary DeVito",Unknown,1,24
"Go to Hatstall","Serhat Yilmaz",Unknown,1,24
"Go to Hatstall","Tomi Peltola",Unknown,1,24
"Go to Hatstall","Jane (Yuan) Xu",Unknown,1,24
"Go to Hatstall","chronos_secgrp_pytorch_oss_ci_oncall",Unknown,1,24
"Go to Hatstall",yf225,Unknown,1,24
"Go to Hatstall","Xiaoqiang Zheng",Unknown,1,24
"Go to Hatstall","Thuyen Ngo",Unknown,1,24
"Go to Hatstall","chronos_secgrp_pytorch_oss_ci_oncall",Unknown,1,24
"Go to Hatstall","Yury Zemlyanskiy",Unknown,1,24
"Go to Hatstall","Mehdi Mirzazadeh",Unknown,1,24
"Go to Hatstall","Julien Cornebise",Unknown,1,24
"Go to Hatstall",rvarm1,Unknown,1,24
"Go to Hatstall","Jay Zhang",Unknown,1,24
"Go to Hatstall","Yan Shang",Unknown,1,23
"Go to Hatstall","davidriazati@fb.com",Unknown,1,23
"Go to Hatstall","Igor Sugak",Unknown,1,23
"Go to Hatstall","Wojciech Baranowski",Unknown,1,23
"Go to Hatstall","chronos_secgrp_pytorch_oss_ci_oncall",Unknown,1,23
"Go to Hatstall","Kevin Tse (Meta Employee)",Unknown,1,23
"Go to Hatstall","Pavan Yalamanchili",Unknown,1,23
"Go to Hatstall",Xiang,Unknown,1,23
"Go to Hatstall","Lucas Hosseini",Unknown,1,23
"Go to Hatstall","Michael Gschwind",Unknown,1,23
"Go to Hatstall","Nicolas Hug",Unknown,1,23
"Go to Hatstall","Kiuk Chung",Unknown,1,23
"Go to Hatstall","Wang Xu",Unknown,1,23
"Go to Hatstall",yuguo68,Unknown,1,23
"Go to Hatstall",francescocastelli,Unknown,1,23
"Go to Hatstall","chronos_secgrp_pytorch_oss_ci_oncall",Unknown,1,23
"Go to Hatstall","Yuxin Wu",Unknown,1,23
"Go to Hatstall","Yan Zhu",Unknown,1,23
"Go to Hatstall","Christian Puhrsch",Unknown,1,23
"Go to Hatstall",CaoE,Unknown,1,23
"Go to Hatstall","Teng Li",Unknown,1,23
"Go to Hatstall","Yanghan Wang",Unknown,1,23
"Go to Hatstall",JackCaoG,Unknown,1,23
"Go to Hatstall","Bert Maher",Unknown,1,23
"Go to Hatstall","chronos_secgrp_pytorch_oss_ci_oncall",Unknown,1,23
"Go to Hatstall","Chester Liu",Unknown,1,22
"Go to Hatstall","Martin Raison",Unknown,1,22
"Go to Hatstall","Nik Ved",Unknown,1,22
"Go to Hatstall",ramvenkat98,Unknown,1,22
"Go to Hatstall","chronos_secgrp_pytorch_oss_ci_oncall",Unknown,1,22
"Go to Hatstall",generatedunixname89002005325676,Unknown,1,22
"Go to Hatstall","Jing Xu",Unknown,1,22
"Go to Hatstall","Oleg Khabinov",Unknown,1,22
"Go to Hatstall","Eli Uriegas",Unknown,1,22
"Go to Hatstall",gchanan,Unknown,1,22
"Go to Hatstall","Junjie Bai",Unknown,1,22
"Go to Hatstall","Nathan Goldbaum",Unknown,1,22
"Go to Hatstall",alexdremov,Unknown,1,22
"Go to Hatstall","Huamin Li",Unknown,1,22
"Go to Hatstall","Rob Zinkov",Unknown,1,22
"Go to Hatstall","Aaron Enye Shi",Unknown,1,21
"Go to Hatstall","HDCharles (Meta Employee)",Unknown,1,21
"Go to Hatstall","erjia (Meta Employee)",Unknown,1,21
"Go to Hatstall","Ilya Persky",Unknown,1,21
"Go to Hatstall","David Chen (Meta Employee)",Unknown,1,21
"Go to Hatstall","chronos_secgrp_pytorch_oss_ci_oncall",Unknown,1,21
"Go to Hatstall",Brian,Unknown,1,21
"Go to Hatstall",tengz,Unknown,1,21
"Go to Hatstall","Jeff Yang",Unknown,1,21
"Go to Hatstall","Zeina Migeed",Unknown,1,21
"Go to Hatstall","Joseph Spisak",Unknown,1,21
"Go to Hatstall","Ashkan Aliabadi",Unknown,1,21
"Go to Hatstall","Zeming Lin",Unknown,1,21
"Go to Hatstall","Jay Chae",Unknown,1,21
"Go to Hatstall","Artem Volkhin",Unknown,1,21
"Go to Hatstall","Daniel Recoskie",Unknown,1,21
"Go to Hatstall",johnlu,Unknown,1,21
"Go to Hatstall","chronos_secgrp_pytorch_oss_ci_oncall",Unknown,1,21
"Go to Hatstall","Will Feng (DPER)",Unknown,1,21
"Go to Hatstall","Nathan Luehr",Unknown,1,21
"Go to Hatstall","Vadym Pinchuk",Unknown,1,20
"Go to Hatstall",gmagogsfm,Unknown,1,20
"Go to Hatstall","Jean Schmidt",Unknown,1,20
"Go to Hatstall","Max Ren",Unknown,1,20
"Go to Hatstall","Hugh Perkins",Unknown,1,20
"Go to Hatstall","Priya Goyal",Unknown,1,20
"Go to Hatstall","Aaron Markham",Unknown,1,20
"Go to Hatstall","Andrew Gallagher",Unknown,1,20
"Go to Hatstall","Seonglyong Gong",Unknown,1,20
"Go to Hatstall",cjshi,Unknown,1,20
"Go to Hatstall","George Qi",Unknown,1,20
"Go to Hatstall","chronos_secgrp_pytorch_oss_ci_oncall",Unknown,1,20
"Go to Hatstall",aguzhva,Unknown,1,20
"Go to Hatstall","Guobing Chen",Unknown,1,20
"Go to Hatstall","Han Qi (qihqi)",Unknown,1,20
"Go to Hatstall",pbialecki,Unknown,1,20
"Go to Hatstall","Tongliang Liao",Unknown,1,19
"Go to Hatstall","Bor-Yiing Su",Unknown,1,19
"Go to Hatstall","Paul Shao",Unknown,1,19
"Go to Hatstall","Wenlei Xie",Unknown,1,19
"Go to Hatstall","Heitor Schueroff de Souza",Unknown,1,19
"Go to Hatstall","Jake Tae",Unknown,1,19
"Go to Hatstall","Lara Haidar",Unknown,1,19
"Go to Hatstall","Boris Fomitchev",Unknown,1,19
"Go to Hatstall","Rui Guo",Unknown,1,19
"Go to Hatstall","macandro96 (Meta Employee)",Unknown,1,19
"Go to Hatstall","Amy He",Unknown,1,19
"Go to Hatstall","chronos_secgrp_pytorch_oss_ci_oncall",Unknown,1,19
"Go to Hatstall","Jiawen Liu",Unknown,1,19
"Go to Hatstall",iotamudelta,Unknown,1,19
"Go to Hatstall","Lucas Hosseini",Unknown,1,18
"Go to Hatstall","Filip Binkiewicz",Unknown,1,18
"Go to Hatstall","blorange-amd",Unknown,1,18
"Go to Hatstall",taiyuanz,Unknown,1,18
"Go to Hatstall",IvanKobzarev,Unknown,1,18
"Go to Hatstall",yanli924,Unknown,1,18
"Go to Hatstall","Ethan Chau",Unknown,1,18
"Go to Hatstall","Natalia Gimelshein",Unknown,1,18
"Go to Hatstall","Sergei Vorobev",Unknown,1,18
"Go to Hatstall","Leon Bottou",Unknown,1,18
"Go to Hatstall",xiaoruichao,Unknown,1,18
"Go to Hatstall","Nik Ved",Unknown,1,18
"Go to Hatstall","Hassan Eslami",Unknown,1,18
"Go to Hatstall","Slava Kovalevskyi",Unknown,1,18
"Go to Hatstall","Aidyn-A",Unknown,1,18
"Go to Hatstall","Nolan O'Brien",Unknown,1,18
"Go to Hatstall","atalman (Meta Employee)",Unknown,1,18
"Go to Hatstall","Kefei Lu",Unknown,1,18
"Go to Hatstall","Seonglyong Gong",Unknown,1,18
"Go to Hatstall","Rong Rong",Unknown,1,17
"Go to Hatstall","chronos_secgrp_pytorch_oss_ci_oncall",Unknown,1,17
"Go to Hatstall",PaliC,Unknown,1,17
"Go to Hatstall","Anthony Liu",Unknown,1,17
"Go to Hatstall","X Wang",Unknown,1,17
"Go to Hatstall","Radek Bartoň",Unknown,1,17
"Go to Hatstall","Orion Reblitz-Richardson",Unknown,1,17
"Go to Hatstall","Derek Kim",Unknown,1,17
"Go to Hatstall","James Sun",Unknown,1,17
"Go to Hatstall","Kai Arulkumaran",Unknown,1,17
"Go to Hatstall","Kutta Srinivasan",Unknown,1,17
"Go to Hatstall","Brian Muse",Unknown,1,17
"Go to Hatstall",ashish,Unknown,1,17
"Go to Hatstall","chronos_secgrp_pytorch_oss_ci_oncall",Unknown,1,17
"Go to Hatstall","chronos_secgrp_pytorch_oss_ci_oncall",Unknown,1,17
"Go to Hatstall","chronos_secgrp_pytorch_oss_ci_oncall",Unknown,1,17
"Go to Hatstall","Qinqing Zheng",Unknown,1,17
"Go to Hatstall","Edvard Ghazaryan",Unknown,1,17
"Go to Hatstall","chronos_secgrp_pytorch_oss_ci_oncall",Unknown,1,17
"Go to Hatstall","Shintaro Iwasaki",Unknown,1,17
"Go to Hatstall","Jason Ansel",Unknown,1,17
"Go to Hatstall",ydwu4,Unknown,1,16
"Go to Hatstall","Michael Andreas Dagitses (Meta Employee)",Unknown,1,16
"Go to Hatstall",BowenBao,Unknown,1,16
"Go to Hatstall",salilsdesai,Unknown,1,16
"Go to Hatstall","Mingfei Ma",Unknown,1,16
"Go to Hatstall","Rodrigo Kumpera (Meta Employee)",Unknown,1,16
"Go to Hatstall","Mengchi Zhang",Unknown,1,16
"Go to Hatstall","James Donald",Unknown,1,16
"Go to Hatstall","pritam (Meta Employee)",Unknown,1,16
"Go to Hatstall","David Fan",Unknown,1,16
"Go to Hatstall",Gemfield,Unknown,1,16
"Go to Hatstall","Iurii Zdebskyi",Unknown,1,16
"Go to Hatstall","Peizhao Zhang",Unknown,1,16
"Go to Hatstall","Tim Harley",Unknown,1,16
"Go to Hatstall","Prakriti Bansal",Unknown,1,16
"Go to Hatstall","chronos_secgrp_pytorch_oss_ci_oncall",Unknown,1,16
"Go to Hatstall","Yujun Zhao",Unknown,1,16
"Go to Hatstall","Kaiyu Shi",Unknown,1,16
"Go to Hatstall","chronos_secgrp_pytorch_oss_ci_oncall",Unknown,1,16
"Go to Hatstall",maxren,Unknown,1,16
"Go to Hatstall","Simeon Monov",Unknown,1,16
"Go to Hatstall","Howard Huang (Meta Employee)",Unknown,1,16
"Go to Hatstall",albanD,Unknown,1,16
"Go to Hatstall",shubhambhokare1,Unknown,1,16
"Go to Hatstall","Terence Feng",Unknown,1,16
"Go to Hatstall","Rohit Goswami",Unknown,1,16
"Go to Hatstall","Joel Benjamin Schlosser (Meta Employee)",Unknown,1,16
"Go to Hatstall","Xinyu Li",Unknown,1,15
"Go to Hatstall","Richard Barnes",Unknown,1,15
"Go to Hatstall",peter,Unknown,1,15
"Go to Hatstall","Xingdong Zuo",Unknown,1,15
"Go to Hatstall","Remi Domingues",Unknown,1,15
"Go to Hatstall","chronos_secgrp_pytorch_oss_ci_oncall",Unknown,1,15
"Go to Hatstall","Till Hoffmann",Unknown,1,15
"Go to Hatstall","chronos_secgrp_pytorch_oss_ci_oncall",Unknown,1,15
"Go to Hatstall",xuewenc,Unknown,1,15
"Go to Hatstall","Brandon Lin",Unknown,1,15
"Go to Hatstall",ganler,Unknown,1,15
"Go to Hatstall","Sze Wai Celeste Yuen",Unknown,1,15
"Go to Hatstall","Jeff Johnson",Unknown,1,15
"Go to Hatstall","swang392 (Meta Employee)",Unknown,1,15
"Go to Hatstall","Yuxin Wu",Unknown,1,15
"Go to Hatstall","Martin Pašen",Unknown,1,15
"Go to Hatstall","Sean Silva",Unknown,1,15
"Go to Hatstall","Mingbo Wan",Unknown,1,15
"Go to Hatstall","chronos_secgrp_pytorch_oss_ci_oncall",Unknown,1,15
"Go to Hatstall","Protonu Basu",Unknown,1,15
"Go to Hatstall","Lukas Hoenig",Unknown,1,15
"Go to Hatstall","Bradley Davis",Unknown,1,15
"Go to Hatstall","sanchit.jain",Unknown,1,14
"Go to Hatstall",jiayisun,Unknown,1,14
"Go to Hatstall",richard,Unknown,1,14
"Go to Hatstall","chronos_secgrp_pytorch_oss_ci_oncall",Unknown,1,14
"Go to Hatstall","Weiwen Xia",Unknown,1,14
"Go to Hatstall",generatedunixname89002005287564,Unknown,1,14
"Go to Hatstall","George Qi (Meta Employee)",Unknown,1,14
"Go to Hatstall","Driss Guessous (Meta Employee)",Unknown,1,14
"Go to Hatstall","Brian Coutinho",Unknown,1,14
"Go to Hatstall","chronos_secgrp_pytorch_oss_ci_oncall",Unknown,1,14
"Go to Hatstall","Shunting Zhang",Unknown,1,14
"Go to Hatstall",zaf,Unknown,1,14
"Go to Hatstall","chronos_secgrp_pytorch_oss_ci_oncall",Unknown,1,14
"Go to Hatstall",mal,Unknown,1,14
"Go to Hatstall","Dmytro Dzhulgakov",Unknown,1,14
"Go to Hatstall",zhxchen17,Unknown,1,14
"Go to Hatstall","Michael Wootton",Unknown,1,14
"Go to Hatstall","Min Si",Unknown,1,14
"Go to Hatstall","Andreas Koepf",Unknown,1,14
"Go to Hatstall","Yuxin Wu",Unknown,1,14
"Go to Hatstall","chronos_secgrp_pytorch_oss_ci_oncall",Unknown,1,14
"Go to Hatstall","Your Name",Unknown,1,14
"Go to Hatstall",mruberry,Unknown,1,14
"Go to Hatstall",mrshenli,Unknown,1,14
"Go to Hatstall","Daya S Khudia",Unknown,1,14
"Go to Hatstall","Nishant Pandit",Unknown,1,14
"Go to Hatstall","Shijun Kong",Unknown,1,13
"Go to Hatstall","Alican Bozkurt",Unknown,1,13
"Go to Hatstall",Thomas,Unknown,1,13
"Go to Hatstall",mantaionut,Unknown,1,13
"Go to Hatstall","Yifan Shen",Unknown,1,13
"Go to Hatstall","Shabab Ayub",Unknown,1,13
"Go to Hatstall","Boris Fomitchev",Unknown,1,13
"Go to Hatstall","Stephen Macke",Unknown,1,13
"Go to Hatstall",DeyuHuang,Unknown,1,13
"Go to Hatstall","Guilherme Leobas",Unknown,1,13
"Go to Hatstall","Manuel Candales",Unknown,1,13
"Go to Hatstall","Nicolas Macchioni",Unknown,1,13
"Go to Hatstall","Samuel Salas",Unknown,1,13
"Go to Hatstall","Michael Suo",Unknown,1,13
"Go to Hatstall",bwasti,Unknown,1,13
"Go to Hatstall","Banit Agrawal",Unknown,1,13
"Go to Hatstall","Anish Mahishi",Unknown,1,13
"Go to Hatstall","Prateek Bhatt",Unknown,1,13
"Go to Hatstall","Milad Mohammadi",Unknown,1,13
"Go to Hatstall","Alex Settle",Unknown,1,13
"Go to Hatstall","chronos_secgrp_pytorch_oss_ci_oncall",Unknown,1,12
"Go to Hatstall","chronos_secgrp_pytorch_oss_ci_oncall",Unknown,1,12
"Go to Hatstall","Amy Yang",Unknown,1,12
"Go to Hatstall","Sergii Dymchenko",Unknown,1,12
"Go to Hatstall",wayi,Unknown,1,12
"Go to Hatstall","Colin Taylor",Unknown,1,12
"Go to Hatstall","Martin Schatz",Unknown,1,12
"Go to Hatstall","Eric Han (Meta Employee)",Unknown,1,12
"Go to Hatstall","Douglas Lehr",Unknown,1,12
"Go to Hatstall","Guo Yejun",Unknown,1,12
"Go to Hatstall","William Phetsinorath",Unknown,1,12
"Go to Hatstall","chronos_secgrp_pytorch_oss_ci_oncall",Unknown,1,12
"Go to Hatstall","Di Wu",Unknown,1,12
"Go to Hatstall","Simon Layton",Unknown,1,12
"Go to Hatstall","foram-chandra",Unknown,1,12
"Go to Hatstall","Raman kumar",Unknown,1,12
"Go to Hatstall","Frank Jiang",Unknown,1,12
"Go to Hatstall",kiyosora,Unknown,1,12
"Go to Hatstall","Adam J. Stewart",Unknown,1,12
"Go to Hatstall","Tao Wu",Unknown,1,12
"Go to Hatstall","Romain Cledat",Unknown,1,12
"Go to Hatstall","drisspg (Meta Employee)",Unknown,1,12
"Go to Hatstall",vitrioil,Unknown,1,12
"Go to Hatstall","Mike Ruberry (Meta Employee)",Unknown,1,12
"Go to Hatstall","Lily Johnson",Unknown,1,12
"Go to Hatstall","Gisle Dankel",Unknown,1,12
"Go to Hatstall","Zhicheng Yan",Unknown,1,12
"Go to Hatstall","Lin Yang",Unknown,1,12
"Go to Hatstall","chronos_secgrp_pytorch_oss_ci_oncall",Unknown,1,12
"Go to Hatstall","Jithun Nair",Unknown,1,12
"Go to Hatstall","chronos_secgrp_pytorch_oss_ci_oncall",Unknown,1,12
"Go to Hatstall","Alexander Sidorov",Unknown,1,12
"Go to Hatstall","Brandon Amos",Unknown,1,12
"Go to Hatstall","Lucian Grijincu",Unknown,1,11
"Go to Hatstall",Fuzzkatt,Unknown,1,11
"Go to Hatstall",103yiran,Unknown,1,11
"Go to Hatstall",sahanp,Unknown,1,11
"Go to Hatstall","Qinqing Zheng",Unknown,1,11
"Go to Hatstall","Kevin Matzen",Unknown,1,11
"Go to Hatstall","Stas Bekman",Unknown,1,11
"Go to Hatstall",bhushan,Unknown,1,11
"Go to Hatstall","Karol Kosik",Unknown,1,11
"Go to Hatstall",xzhao,Unknown,1,11
"Go to Hatstall","chronos_secgrp_pytorch_oss_ci_oncall",Unknown,1,11
"Go to Hatstall","Cheng,Penghui",Unknown,1,11
"Go to Hatstall","Jerry Zhang",Unknown,1,11
"Go to Hatstall","Zain Rizvi (Meta Employee)",Unknown,1,11
"Go to Hatstall","Animesh Jain (Meta Employee)",Unknown,1,11
"Go to Hatstall",chengscott,Unknown,1,11
"Go to Hatstall","Juhyeong (Odd) Kim",Unknown,1,11
"Go to Hatstall","Steven Troxler",Unknown,1,11
"Go to Hatstall","Jacqueline Xu",Unknown,1,11
"Go to Hatstall","chronos_secgrp_pytorch_oss_ci_oncall",Unknown,1,11
"Go to Hatstall","Xinyi Zhang",Unknown,1,11
"Go to Hatstall","Jerry Pan",Unknown,1,11
"Go to Hatstall","John Shen",Unknown,1,11
"Go to Hatstall","Sudarshan Raghunathan",Unknown,1,11
"Go to Hatstall","Mostafa Elhoushi",Unknown,1,11
"Go to Hatstall","Jiewen Tan (Meta Employee)",Unknown,1,11
"Go to Hatstall","Geeta Chauhan",Unknown,1,10
